{
	"info": {
		"_postman_id": "eea02591-25db-4078-9351-ca0bc95f4b73",
		"name": "advertisements",
		"schema": "https://schema.getpostman.com/json/collection/v2.1.0/collection.json"
	},
	"item": [
		{
			"name": "advertisement creation",
			"request": {
				"method": "POST",
				"header": [
					{
						"key": "Content-Type",
						"name": "Content-Type",
						"value": "application/json",
						"type": "text"
					}
				],
				"body": {
					"mode": "raw",
					"raw": "{\n\t\t\"createDate\" : null,\n      \"updatedDate\" : null,\n      \"createdBy\" : null,\n      \"updatedBy\" : null,\n      \"name\" : \"Test Advertisement2\",\n      \"description\" : \"Test Advertisement2\",\n      \"startDate\" : \"2021-09-19T11:11:12.851+00:00\",\n      \"endDate\" : \"2021-09-19T11:11:12.851+00:00\",\n      \"urlFlag\" : \"u22\",\n      \"url\" : \"url22\",\n      \"priority\" : 1,\n      \"promoTypeId\" : 1,\n      \"advertisement_type_id\":\"http://localhost:8080/mastertypes/1\"\n}"
				},
				"url": {
					"raw": "http://localhost:8080/advertisements",
					"protocol": "http",
					"host": [
						"localhost"
					],
					"port": "8080",
					"path": [
						"advertisements"
					]
				}
			},
			"response": []
		},
		{
			"name": "AdvImages",
			"request": {
				"method": "POST",
				"header": [
					{
						"key": "Content-Type",
						"name": "Content-Type",
						"value": "application/json",
						"type": "text"
					}
				],
				"body": {
					"mode": "raw",
					"raw": " {\r\n \t\"createDate\": null,\r\n        \r\n     \"updatedDate\": null,\r\n     \"createdBy\": null,\r\n     \"updatedBy\": null,\r\n     \"imageRef\": \"image_ref2\",\r\n     \"adv_dtls\":\"advertisements/9\"\r\n        \r\n }"
				},
				"url": {
					"raw": "http://localhost:8080/images",
					"protocol": "http",
					"host": [
						"localhost"
					],
					"port": "8080",
					"path": [
						"images"
					]
				}
			},
			"response": []
		},
		{
			"name": "post advertisements",
			"protocolProfileBehavior": {
				"disableBodyPruning": true
			},
			"request": {
				"method": "GET",
				"header": [
					{
						"key": "Content-Type",
						"name": "Content-Type",
						"value": "application/json",
						"type": "text"
					}
				],
				"body": {
					"mode": "raw",
					"raw": "{\n\t\t\"createDate\" : null,\n      \"updatedDate\" : null,\n      \"createdBy\" : null,\n      \"updatedBy\" : null,\n      \"name\" : \"Test Advertisement3\",\n      \"description\" : \"Test Advertisement3\",\n      \"startDate\" : \"2021-09-19T11:11:12.851+00:00\",\n      \"endDate\" : \"2021-09-19T11:11:12.851+00:00\",\n      \"urlFlag\" : \"u222\",\n      \"url\" : \"url222\",\n      \"priority\" : 1,\n      \"promoTypeId\" : 1,\n      \"advertisement_type_id\":\"1\"\n}"
				},
				"url": {
					"raw": "http://localhost:8080/advertisements",
					"protocol": "http",
					"host": [
						"localhost"
					],
					"port": "8080",
					"path": [
						"advertisements"
					]
				}
			},
			"response": []
		},
		{
			"name": "get list of advertisements",
			"protocolProfileBehavior": {
				"disableBodyPruning": true
			},
			"request": {
				"method": "GET",
				"header": [
					{
						"key": "Content-Type",
						"name": "Content-Type",
						"value": "application/json",
						"type": "text"
					}
				],
				"body": {
					"mode": "raw",
					"raw": "{\n\t\t\"createDate\" : null,\n      \"updatedDate\" : null,\n      \"createdBy\" : null,\n      \"updatedBy\" : null,\n      \"name\" : \"Test Advertisement3\",\n      \"description\" : \"Test Advertisement3\",\n      \"startDate\" : \"2021-09-19T11:11:12.851+00:00\",\n      \"endDate\" : \"2021-09-19T11:11:12.851+00:00\",\n      \"urlFlag\" : \"u222\",\n      \"url\" : \"url222\",\n      \"priority\" : 1,\n      \"promoTypeId\" : 1,\n      \"advertisement_type_id\":\"1\"\n}"
				},
				"url": {
					"raw": "http://localhost:8080/advertisements",
					"protocol": "http",
					"host": [
						"localhost"
					],
					"port": "8080",
					"path": [
						"advertisements"
					]
				}
			},
			"response": []
		},
		{
			"name": "post advestisement",
			"request": {
				"method": "POST",
				"header": [
					{
						"key": "Content-Type",
						"name": "Content-Type",
						"value": "application/json",
						"type": "text"
					}
				],
				"body": {
					"mode": "raw",
					"raw": "{\n\t\t\"createDate\" : null,\n      \"updatedDate\" : null,\n      \"createdBy\" : null,\n      \"updatedBy\" : null,\n      \"name\" : \"Test Advertisement3\",\n      \"description\" : \"Test Advertisement3\",\n      \"startDate\" : \"2021-09-19T11:11:12.851+00:00\",\n      \"endDate\" : \"2021-09-19T11:11:12.851+00:00\",\n      \"urlFlag\" : \"u222\",\n      \"url\" : \"url222\",\n      \"priority\" : 1,\n      \"promoTypeId\" : 1,\n      \"advertisement_type_id\":\"mastertypes/1\"\n}"
				},
				"url": {
					"raw": "http://localhost:8080/advertisements",
					"protocol": "http",
					"host": [
						"localhost"
					],
					"port": "8080",
					"path": [
						"advertisements"
					]
				}
			},
			"response": []
		}
	]
}